{"cameraMode":{"drawMode":0,"name":"Shaded","section":"Shading Mode"},"sceneLighting":true,"audioPlay":false,"sceneViewState":{"showFog":true,"showMaterialUpdate":true,"showSkybox":true,"showFlares":true,"showImageEffects":true,"showParticleSystems":true},"in2DMode":false,"pivot":{"x":1.3956499099731446,"y":21.454914093017579,"z":15.083375930786133},"rotation":{"x":-0.19394871592521668,"y":-0.09075271338224411,"z":0.006304573267698288,"w":-0.977744460105896},"size":26.023550033569337,"orthographic":false}