{"cameraMode":{"drawMode":0,"name":"Shaded","section":"Shading Mode"},"sceneLighting":true,"audioPlay":false,"sceneViewState":{"showFog":true,"showMaterialUpdate":true,"showSkybox":true,"showFlares":true,"showImageEffects":true,"showParticleSystems":true},"in2DMode":false,"pivot":{"x":1.3788796663284302,"y":14.40907096862793,"z":15.366458892822266},"rotation":{"x":0.004364264663308859,"y":0.8493397831916809,"z":-0.014855748042464257,"w":-0.5293459296226502},"size":2.8578836917877199,"orthographic":false}