{"cameraMode":{"drawMode":0,"name":"Shaded","section":"Shading Mode"},"sceneLighting":true,"audioPlay":false,"sceneViewState":{"showFog":true,"showMaterialUpdate":true,"showSkybox":true,"showFlares":true,"showImageEffects":true,"showParticleSystems":true},"in2DMode":false,"pivot":{"x":6.440472602844238,"y":-1.7249321937561036,"z":1.0293197631835938},"rotation":{"x":-0.18176475167274476,"y":-0.29054561257362368,"z":0.05597081407904625,"w":-0.9380097389221191},"size":19.195953369140626,"orthographic":false}