{"cameraMode":{"drawMode":0,"name":"Shaded","section":"Shading Mode"},"sceneLighting":true,"audioPlay":false,"sceneViewState":{"showFog":true,"showMaterialUpdate":true,"showSkybox":true,"showFlares":true,"showImageEffects":true,"showParticleSystems":true},"in2DMode":false,"pivot":{"x":3.2392454147338869,"y":-2.514198064804077,"z":2.6208653450012209},"rotation":{"x":-0.16391561925411225,"y":-0.3527561128139496,"z":0.06252565234899521,"w":-0.91936194896698},"size":19.195953369140626,"orthographic":false}