{"cameraMode":{"drawMode":0,"name":"Shaded","section":"Shading Mode"},"sceneLighting":true,"audioPlay":false,"sceneViewState":{"showFog":true,"showMaterialUpdate":true,"showSkybox":true,"showFlares":true,"showImageEffects":true,"showParticleSystems":true},"in2DMode":false,"pivot":{"x":12.653428077697754,"y":12.195146560668946,"z":7.201615810394287},"rotation":{"x":-0.07484421133995056,"y":0.10212865471839905,"z":-0.00770152360200882,"w":-0.9919351935386658},"size":10.449999809265137,"orthographic":false}